{"cameraMode":{"drawMode":0,"name":"Shaded","section":"Shading Mode"},"sceneLighting":true,"audioPlay":false,"sceneViewState":{"showFog":true,"showMaterialUpdate":false,"showSkybox":true,"showFlares":true,"showImageEffects":true,"showParticleSystems":true},"in2DMode":false,"pivot":{"x":74.33131408691406,"y":41.778038024902347,"z":29.266389846801759},"rotation":{"x":0.008960993960499764,"y":0.09286227822303772,"z":-0.0008357805199921131,"w":0.9956387281417847},"size":163.43524169921876,"orthographic":false}